"","id","company"
"1",1,"bcbsa"
"2",2,"constellation energy"
"3",3,"bedrockdata"
"4",4,"cypress health"
"5",5,"kaarya llc"
"6",6,"ettain group"
"7",7,"ensuring the"
"8",8,"(hadoop administrator)"
"9",9,"bcbsa"
"10",10,"lowes"
"11",11,"dish network"
"12",12,"blue cross"
"13",13,"aig having"
"14",14,"amerisource berge"
"15",15,"boston scientific"
"16",16,"in testing,"
"17",17,"tivo inc"
"18",18,"manager direct"
"19",19,"altisource labs"
"20",20,"bcbsa"
"21",21,"djangostars 2013.04"
"22",22,"engineer narra"
"23",23,"cdi corporation"
"24",24,"paychex inc"
"25",25,"cim group-"
"26",26,"the credorax"
"27",27,"bcbsa"
"28",28,"pagefair limited"
"29",29,"- trading"
"30",30,"columbia university"
"31",31,"rockwell automation"
"32",32,"bcbsa"
"33",33,"amazon"
"34",34,"bcbsa"
"35",35,"teltronics inc"
"36",36,"accenture"
"37",37,"intern savannah"
"38",38,"and understood"
"39",39,"khodro azma"
"40",40,"lasth corp"
"41",41,"illinois institute"
"42",42,"bcbsa"
"43",43,"bank of america"
"44",44,"(temporary position)"
"45",45,"mobiquity"
"46",46,"for fx"
"47",47,"bcbsa"
"48",48,"fair value"
"49",49,"rolls-royce"
"50",50,"bcbsa"
"51",51,"intern us"
"52",52,"at&t labs"
"53",53,"bcbsa"
"54",54,"ii raytheon"
"55",55,"clear capital"
"56",56,"univ. of california"
"57",57,"bcbsa"
"58",58,"leap frog"
"59",59,"the modern"
"60",60,"software, adopted"
"61",61,"mdlive inc"
"62",62,"bcbsa"
"63",63,"upsilon it,"
"64",64,"deloitte"
"65",65,"ifs r&d"
"66",66,"wesgrow software"
"67",67,"great lakes"
"68",68,"southwest airlines,"
"69",69,"(python) ardia"
"70",70,"pnc bank"
"71",71,"bcbsa"
"72",72,"warehouse manager"
"73",73,"hewlett packard"
"74",74,"and postdoctoral"
"75",75,"function by"
"76",76,"bcbsa"
"77",77,"i ixia"
"78",78,"capitol one"
"79",79,"leidos"
"80",80,"research assistant"
"81",81,"of erp"
"82",82,"cisco systems,"
"83",83,"system (python,"
"84",84,"kyruus/ stowe"
"85",85,"johnson controls,"
"86",86,"bcbsa"
"87",87,"staffing at"
"88",88,"bcbsa"
"89",89,"additive rocket"
"90",90,"nuance"
"91",91,"- automation"
"92",92,"engineer experian/bakerhill"
"93",93,"anvicare, incorporated"
"94",94,"researcher price"
"95",95,"verizon"
"96",96,"research assistant"
"97",97,"firetech"
"98",98,"web developer"
"99",99,"dinnerwire, inc"
"100",100,"bcbsa"
"101",101,"human capital"
"102",102,"shapiro +"
"103",103,"nativo"
"104",104,"for professor"
"105",105,"funeral services,"
"106",106,"bcbsa"
"107",107,"abn amro"
"108",108,"repiscore, inc"
"109",109,"ejada ltd"
"110",110,"dupont pioneer"
"111",111,"mercury"
"112",112,"python, sql,"
"113",113,"bcbsa"
"114",114,"chicago tribune,"
"115",115,"ucsf sabes"
"116",116,"geographic information"
"117",117,"motorola mobility"
"118",118,"bcbsa"
"119",119,"elekta inc."
"120",120,"/ c++/"
"121",121,"illinois institute"
"122",122,"canoga perkins"
"123",123,"john deere"
"124",124,"insour sys"
"125",125,"/ senior"
"126",126,"banctec"
"127",127,"intern gaikai,"
"128",128,"microsoft corporation,"
"129",129,"bcbsa"
"130",130,"bz robot"
"131",131,"florida state"
"132",132,"intern ericsson"
"133",133,"bcbsa"
"134",134,"spirent"
"135",135,"catalina marketing"
"136",136,"bcbsa"
"137",137,"john deere"
"138",138,"united health"
"139",139,"bcbsa"
"140",140,"university of utah"
"141",141,"tata consultancy"
"142",142,"outerwall inc"
"143",143,"free code"
"144",144,"egencia"
"145",145,"central michigan"
"146",146,"schneider electric"
"147",147,"bcbsa"
"148",148,"visa"
"149",149,"travelport"
"150",150,"paychex"
"151",151,"expert solution"
"152",152,"spa instruments"
"153",153,"liberty mutual"
"154",154,"intel security"
"155",155,"fundamentals"
"156",156,"interactive communications"
"157",157,"/ lead"
"158",158,"northern arizona"
"159",159,"bcbsa"
"160",160,"texas workforce"
"161",161,"bcbsa"
"162",162,"bcbsa"
"163",163,"west corporation"
"164",164,"velexi corporation"
"165",165,"and project"
"166",166,"build it"
"167",167,"tlo"
"168",168,"intern advicent"
"169",169,"nuance communications,"
"170",170,"university of florida"
"171",171,"bcbsa"
"172",172,"indeed"
"173",173,"at&t"
"174",174,"t"
"175",175,"bcbsa"
"176",176,"general motors"
"177",177,"international technological"
"178",178,"verizon"
"179",179,"key bank"
"180",180,"independence blue"
"181",181,"lockheed martin"
"182",182,"bcbsa"
"183",183,"worcester polytechnic"
"184",184,"system) description: de"
"185",185,"persistent systems"
"186",186,"and tutor"
"187",187,"g&g outatters"
"188",188,"synnex"
"189",189,"citigroup inc"
"190",190,"bcbsa"
"191",191,"rioseo"
"192",192,"bcbsa"
"193",193,"anacle systems"
"194",194,"research &"
"195",195,"postgresql manheim"
"196",196,"university of massachusetts"
"197",197,"strategic support"
"198",198,"legion labs"
"199",199,"bcbsa"
"200",200,"kestrel management"
"201",201,"ocio, state"
"202",202,"mformation software"
"203",203,"arizona state"
"204",204,"blue cross"
"205",205,"bcbsa"
"206",206,"cigna health"
"207",207,"connectedio"
"208",208,"gre 317/340"
"209",209,"bcbsa"
"210",210,"auxis inc"
"211",211,"risk technologies"
"212",212,"pivotal labs"
"213",213,"at oracle,"
"214",214,"united it"
"215",215,"cigna healthcare"
"216",216,"tanisha systems"
"217",217,"at&t"
"218",218,"at motorola"
"219",219,"in test"
"220",220,"baker hughes"
"221",221,"cvs health"
"222",222,"freddie mac"
"223",223,"bcbsa"
"224",224,"xerox corporation"
"225",225,"e2open, inc."
"226",226,"intern ericsson"
"227",227,"infosys limited"
"228",228,"bcbsa"
"229",229,"la colonia"
"230",230,"bcbsa"
"231",231,"salt lake"
"232",232,"bcbsa"
"233",233,"of patient"
"234",234,"cognitive medical"
"235",235,"bcbsa"
"236",236,"and it"
"237",237,"and internal"
"238",238,"unctv"
"239",239,"pathfinder development"
"240",240,"collaborative technology"
"241",241,"bcbsa"
"242",242,"bcbsa"
"243",243,"on artificial"
"244",244,"owen software"
"245",245,"septa bus"
"246",246,"python adv"
"247",247,"bcbsa"
"248",248,"bcbsa"
"249",249,"intern prodea"
"250",250,"verizon"
"251",251,"barclays"
"252",252,"bcbsa"
"253",253,"here"
"254",254,"bcbsa"
"255",255,"bcbsa"
"256",256,"(part-time) viv"
"257",257,"bcbsa"
"258",258,"bcbsa"
"259",259,"mantech"
"260",260,"global bank"
"261",261,"general electric"
"262",262,"cerner"
"263",263,"mayo clinic"
"264",264,"hewlett-packard (hp)"
"265",265,"zensar technologies"
"266",266,"bank of america"
"267",267,"verizon"
"268",268,"cisco"
"269",269,"bcbsa"
"270",270,"bank of new"
"271",271,"verisage"
"272",272,"bcbsa"
"273",273,"bcbsa"
"274",274,"cisco"
"275",275,"servoy responsibilities: €¢"
"276",276,"bcbsa"
"277",277,"/ sales"
"278",278,"bcbsa"
"279",279,"express pros,"
"280",280,"cloud sherpas"
"281",281,"bcbsa"
"282",282,"bcbsa"
"283",283,"fortech energy"
"284",284,"bcbsa"
"285",285,"citi"
"286",286,"metro pcs"
"287",287,"contactmydoc description:"
"288",288,"unitedhealth group"
"289",289,"jpmc ib"
"290",290,"lamar university"
"291",291,"at google"
"292",292,"for multiple"
"293",293,"tcs i"
"294",294,"statestreet"
"295",295,"bcbsa"
"296",296,"juniper networks"
"297",297,"mindteck pte"
"298",298,"bcbsa"
"299",299,"citigroup €¢"
"300",300,"lowe's"
"301",301,"analyst pg&e-"
"302",302,"understanding and"
"303",303,"thermal €¢"
"304",304,"liberty mutual"
"305",305,"liberty mutual"
"306",306,"bcbsa"
"307",307,"cablevision"
"308",308,"& user"
"309",309,"department of computer"
"310",310,"chicago mercantile"
"311",311,"computer associates"
"312",312,"bcbsa"
"313",313,"trimble navigation"
"314",314,"liquid analytics"
"315",315,"kaiser"
"316",316,"verizon technology:"
"317",317,"private -bank"
"318",318,"toyota motor"
"319",319,"fusemachines"
"320",320,"bank of america"
"321",321,"/ data"
"322",322,"verizon"
"323",323,"stem fellowship"
"324",324,"(freelance) simple"
"325",325,"bcbsa"
"326",326,"wells fargo"
"327",327,"jpmorganchase"
"328",328,"jpmorganchase"
"329",329,"orane consulting"
"330",330,"(experienced in"
"331",331,"ibm"
"332",332,"aspa inc"
"333",333,"frost national"
"334",334,"bcbsa"
"335",335,"bcbsa"
"336",336,"hill tire"
"337",337,"webfaction"
"338",338,"university of colorado"
"339",339,"ut southwestern"
"340",340,"intern carbon"
"341",341,"angel technology"
"342",342,"system 10/2014-12/2015 develop"
"343",343,"fluffy cloud"
"344",344,"economic, financial,"
"345",345,"bcbsa"
"346",346,"centurylink communications"
"347",347,"bcbsa"
"348",348,"university at"
"349",349,"jp morgan"
"350",350,"intern rackspace,"
"351",351,"gymboree"
"352",352,"freddie mac"
"353",353,"united guaranty"
"354",354,"system and"
"355",355,"emc corporation,"
"356",356,"bcbsa"
"357",357,"unisys, minnesota"
"358",358,"porch"
"359",359,"simpleray"
"360",360,"central michigan"
"361",361,"toyota motor"
"362",362,"hilton worldwide"
"363",363,"ipt cdr"
"364",364,"retail analytics"
"365",365,"barclays"
"366",366,"sephora inc"
"367",367,"minacs"
"368",368,"freddie mac"
"369",369,"atrium medical"
"370",370,"financialforce"
"371",371,"payless shoesource"
"372",372,"intel corporation"
"373",373,"infosys ltd"
"374",374,"ucsb earth"
"375",375,"boston medical"
"376",376,"boston medical"
"377",377,"bcbsa"
"378",378,"dell inc"
"379",379,"actavis"
"380",380,"epam empathy"
"381",381,"lowe's"
"382",382,"the home"
"383",383,"scholastic inc"
"384",384,"american express"
"385",385,"zillow groups"
"386",386,"american family"
"387",387,"daegis inc"
"388",388,"bcbsa"
"389",389,"accenture services"
"390",390,"efocus-webs project"
"391",391,"(freelancer, python)"
"392",392,"intern (core"
"393",393,"citizen's bank"
"394",394,"intern welch"
"395",395,"pfizer"
"396",396,"supreme court"
"397",397,"bcbsa"
"398",398,"state street"
"399",399,"state of wisconsin"
"400",400,"at&t"
"401",401,"bcbsa"
"402",402,"bank of america"
"403",403,"at the"
"404",404,"glaxosmithkline"
"405",405,"zappos.com, inc"
"406",406,"bcbsa"
"407",407,"bank of america"
"408",408,"salesfusion inc"
"409",409,"fox interactive"
"410",410,"john deere"
"411",411,"mayo clinic"
"412",412,"key bank"
"413",413,"jlg industries"
"414",414,"lafayette general"
"415",415,"in computational"
"416",416,"and software"
"417",417,"fusion alliance"
"418",418,"/ it"
"419",419,"dominion enterprises"
"420",420,"demere.co"
"421",421,"atas"
"422",422,"bcbsa"
"423",423,"bcbsa"
"424",424,"acenonyx"
"425",425,"(finite element"
"426",426,"new york"
"427",427,"adp"
"428",428,"(python) sonobi"
"429",429,"design validation"
"430",430,"university of pittsburgh"
"431",431,"/ collaborator"
"432",432,"caci provide"
"433",433,"database security"
"434",434,"bcbsa"
"435",435,"time warner"
"436",436,"manager java"
"437",437,"super heroes"
"438",438,"bcbsa"
"439",439,"cerner corporation"
"440",440,"regenstrief institute,"
"441",441,"bcbsa"
"442",442,"state of michigan"
"443",443,"bcbsa"
"444",444,"reservoir labs"
"445",445,"bcbsa"
"446",446,"analyst nichevision,"
"447",447,"equifax"
"448",448,"aig financial"
"449",449,"(contractor) robert"
"450",450,"(temporary) sony"
"451",451,"brocade communications"
"452",452,"bcbsa"
"453",453,"bcbsa"
"454",454,"blue shield"
"455",455,"symbiont"
"456",456,"highpoint solutions"
"457",457,"new york"
"458",458,"in the"
"459",459,"mattel inc"
"460",460,"cablevision systems"
"461",461,"wilbur ellis"
"462",462,"healthways inc"
"463",463,"i, contract"
"464",464,"general dynamics"
"465",465,"boundary solutions"
"466",466,"grey ocean"
"467",467,"comcast"
"468",468,"department of health"
"469",469,"barclays"
"470",470,"bcbsa"
"471",471,"broadridge financial"
"472",472,"linux professional"
"473",473,"first republic"
"474",474,"dish network"
"475",475,"training data"
"476",476,"bcbsa"
"477",477,"buffalo, ny"
"478",478,"njt €¢"
"479",479,"careday"
"480",480,"college of technology"
"481",481,"& faculty"
"482",482,"bcbsa"
"483",483,"nwa media"
"484",484,"bank of america"
"485",485,"in charge"
"486",486,"bcbsa"
"487",487,"pennsylvania higher"
"488",488,"/ mobile"
"489",489,"system engineer"
"490",490,"for requirement"
"491",491,"freelancing shoply"
"492",492,"bcbsa"
"493",493,"federal reserve"
"494",494,"nordstrom"
"495",495,"oregon state"
"496",496,"lincoln financial"
"497",497,"firestone diversified"
"498",498,"9, entity"
"499",499,"freddie mac"
"500",500,"blue cross"
"501",501,"citigroup"
"502",502,"worldquant, llc."
"503",503,"for several"
"504",504,"hospira inc"
"505",505,"experian €¢"
"506",506,"the university"
"507",507,"bemidji state"
"508",508,"tools €¢ provided"
"509",509,"healthways, inc"
"510",510,"and operations."
"511",511,"center for"
"512",512,"bcbsa"
"513",513,"(trainee) horizon"
"514",514,"h&m"
"515",515,"gt world"
"516",516,"bcbsa"
"517",517,"bcbsa"
"518",518,"apptium technologies"
"519",519,"bcbsa"
"520",520,"the ohio"
"521",521,"(ta) coding"
"522",522,"cerner corporation"
"523",523,"system application"
"524",524,"citi group"
"525",525,"macy's systems"
"526",526,"nike"
"527",527,"fresenius medical"
"528",528,"fresenius medical"
"529",529,"manager d3"
"530",530,"galvanize"
"531",531,"capital one"
"532",532,"bedrockdata"
"533",533,"cox media"
"534",534,"raytheon"
"535",535,"bcbsa"
"536",536,"tektak pvt."
"537",537,"wells fargo"
"538",538,"bcbsa"
"539",539,"hm health"
"540",540,"verizon"
"541",541,"opus inspection"
"542",542,"hsbc"
"543",543,"wells fargo"
"544",544,"comerica bank"
"545",545,"american standard"
"546",546,"intersect group"
"547",547,"bcbsa"
"548",548,"tata consultancy"
"549",549,"life lock"
"550",550,"thirdchannel digital"
"551",551,"bcbsa"
"552",552,"the home"
"553",553,"accenture responsibilities understanding"
"554",554,"system"
"555",555,"avaya"
"556",556,"california water"
"557",557,"confidential"
"558",558,"electrical systems"
"559",559,"(component server"
"560",560,"(component server"
"561",561,"python projects:"
"562",562,"nationwide insurance"
"563",563,"ventyx"
"564",564,"dept of corrections,"
"565",565,"barclays"
"566",566,"(cucm), formerly"
"567",567,"bcbsa"
"568",568,"cerner"
"569",569,"system project"
"570",570,"bcbsa"
"571",571,"oasis technologies"
"572",572,"accessdata corporation"
"573",573,"system which"
"574",574,"bcbsa"
"575",575,"esri"
"576",576,"innovatis tech"
"577",577,"aetna inc"
"578",578,"zion tech"
"579",579,"(consultant) nyc"
"580",580,"bcbsa"
"581",581,"lithium"
"582",582,"bcbsa"
"583",583,"bcbsa"
"584",584,"the state"
"585",585,"university of texas"
"586",586,"otak, inc"
"587",587,"delta air"
"588",588,"university of toledo"
"589",589,"(durability &"
"590",590,"ignite management"
"591",591,"bcbsa"
"592",592,"- maverick"
"593",593,"accenture services"
"594",594,"characterization of lya"
"595",595,"green tree"
"596",596,"aws cloudfront,"
"597",597,"process. i"
"598",598,"computer science"
"599",599,"bcbsa"
"600",600,"verizon"
"601",601,"able lending"
"602",602,"educational software"
"603",603,"studio —¦ automated"
"604",604,"j p"
"605",605,"bcbsa"
"606",606,"(consultant) catalina"
"607",607,"bcbsa"
"608",608,"wells fargo,"
"609",609,"worker marshall"
"610",610,"deutsche bank"
"611",611,"home depot"
"612",612,"state street"
"613",613,"miami rebel"
"614",614,"cablevision"
"615",615,"the private"
"616",616,"cvs caremark"
"617",617,"ericsson"
"618",618,"infosys"
"619",619,"sony mobile"
"620",620,"bcbsa"
"621",621,"verizon wireless"
"622",622,"manhattan associates"
"623",623,"samsung research"
"624",624,"design and"
"625",625,"research assistant"
"626",626,"bcbsa"
"627",627,"bcbsa"
"628",628,"integnology corporation"
"629",629,"bcbsa"
"630",630,"medtronic"
"631",631,"you-gene"
"632",632,"bcbsa"
"633",633,"bcbsa"
"634",634,"clarus large"
"635",635,"bcbsa"
"636",636,"tmg health"
"637",637,"cem"
"638",638,"neoteryx"
"639",639,"ebay"
"640",640,"bcbsa"
"641",641,"wolters kluwer"
"642",642,"towers watson"
"643",643,"citi bank"
"644",644,"soochow securities"
"645",645,"intern eprodigy"
"646",646,"to build"
"647",647,"dizer corp"
"648",648,"intersections, chantilly,"
"649",649,"cisco systems"
"650",650,"ppg, shelby"
"651",651,"hyatt corporation"
"652",652,"& economic"
"653",653,"zaran tech"
"654",654,"sky touch"
"655",655,"federal transit,"
"656",656,"verizon insight"
"657",657,"/ biostatistics,"
"658",658,"director of programming"
"659",659,"emory university"
"660",660,"u.s securities"
"661",661,"intercontinental hotels"
"662",662,"bcbsa"
"663",663,"ubs"
"664",664,"wells fargo"
"665",665,"sprint nextel"
"666",666,"blue cross"
"667",667,"aig"
"668",668,"ibm"
"669",669,"systematic inc."
"670",670,"jpmorgan chase"
"671",671,"adp"
"672",672,"bcbsa"
"673",673,"canon usa"
"674",674,"-java developer"
"675",675,"java developer"
"676",676,"sun edison"
"677",677,"express scripts"
"678",678,"brinks security/trianz"
"679",679,"wells fargo"
"680",680,"in test"
"681",681,"the hartford"
"682",682,"and release"
"683",683,"bcbsa"
"684",684,"experian ny"
"685",685,"bcbal responsible"
"686",686,"amind group"
"687",687,"bcbsa"
"688",688,"silvics solutions"
"689",689,"wyncode academy"
"690",690,"versify solutions"
"691",691,"wilmington, de"
"692",692,"data specializations"
"693",693,"and guidance"
"694",694,"ptc"
"695",695,"c# python"
"696",696,"bcbsa"
"697",697,"bcbsa"
"698",698,"freelance"
"699",699,"innutra inc"
"700",700,"sharp laboratories"
"701",701,"ufs technologies"
"702",702,"- motorola"
"703",703,"tg mercer"
"704",704,"bcbsa"
"705",705,"qa101 consulting"
"706",706,"sr freddie"
"707",707,"lockheed martin"
"708",708,"icmarc"
"709",709,"student"
"710",710,"/ python"
"711",711,"student portland"
"712",712,"thomson reuters"
"713",713,"citi group"
"714",714,"suntrust bank"
"715",715,"programmer university"
"716",716,"purdue computer"
"717",717,"-later-"
"718",718,"client -delphi"
"719",719,"bcbsa"
"720",720,"cardinal health"
"721",721,"charlotte, nc"
"722",722,"bcbsa"
"723",723,"service control"
"724",724,"online tool"
"725",725,"nokia siemens"
"726",726,"tmx finance"
"727",727,"united services"
"728",728,"bcbs"
"729",729,"capitalone"
"730",730,"citi group"
"731",731,"capitalone"
"732",732,"harley davidson-wi"
"733",733,"bloomberg lp"
"734",734,"bcbsa"
"735",735,"university of michigan"
"736",736,"accriva diagnostics"
"737",737,"bank of america"
"738",738,"blue cross"
"739",739,"to quality"
"740",740,"samsung, nj"
"741",741,"hm health"
"742",742,"bts solutions,"
"743",743,"bcbsa"
"744",744,"(consultant) rockwell"
"745",745,"pyrotech engineers"
"746",746,"sing -post"
"747",747,"phelps dodge"
"748",748,"bcbsa"
"749",749,"- data"
"750",750,"reddicktech"
"751",751,"intern edward"
"752",752,"walmart"
"753",753,"capital one"
"754",754,"bcbsa"
"755",755,"bcbsa"
"756",756,"university of houston"
"757",757,"bcbsa"
"758",758,"fca"
"759",759,"intern industrial"
"760",760,"university of houston,"
"761",761,"career note"
"762",762,"state farm"
"763",763,"duke energy"
"764",764,"coding dojo"
"765",765,"bcbsa"
"766",766,"bcbsa"
"767",767,"techmahindra americas"
"768",768,"expedia"
"769",769,"razorfish health"
"770",770,"bcbsa"
"771",771,"informatique conception"
"772",772,"apple computer"
"773",773,"hewlett packard"
"774",774,"bcbsa"
"775",775,"university at"
"776",776,"for """"wipro"
"777",777,"lattice semiconductor"
"778",778,"assistant carnegie"
"779",779,"processes, and"
"780",780,"partners healthcare"
"781",781,"michigan state"
"782",782,"unc charlotte"
"783",783,"akorbi, on"
"784",784,"peloton cycle"
"785",785,"keyingredient"
"786",786,"bcbsa"
"787",787,"bcbsa"
"788",788,"intwine connection,"
"789",789,"appliedvr"
"790",790,"center research"
"791",791,"intern quantome"
"792",792,"bcbsa"
"793",793," ï‚§ data,"
"794",794,"sleepy's corporate"
"795",795,"bcbsa"
"796",796,"bcbsa"
"797",797,"rackspace us"
"798",798,"wells fargo"
"799",799,"bcbsa"
"800",800,"bcbsa"
"801",801,"(python, git,"
"802",802,"advanced technology"
"803",803,"bcbsa"
"804",804,"intern tristan"
"805",805,"kaiser permanente"
"806",806,"software on"
"807",807,"csc"
"808",808,"bcbsa"
"809",809,"deloitte consulting"
"810",810,"freelancing"
"811",811,"capital one"
"812",812,"hyundai america"
"813",813,"hewlett-packard"
"814",814,"bcbsa"
"815",815,"bcbsa"
"816",816,"research project"
"817",817,"coding dojo"
"818",818,"bcbsa"
"819",819,"bcbsa"
"820",820,"- data"
"821",821,"guide one"
"822",822,"micron technology"
"823",823,"dsw inc"
"824",824,"bcbsa"
"825",825,"/ associate"
"826",826,"in php"
"827",827,"bcbsa"
"828",828,"visa"
"829",829,"research assistant"
"830",830,"aon hewitt"
"831",831,"arkansas dept."
"832",832,"nytimes"
"833",833,"self"
"834",834,"walt disney"
"835",835,"teneducation, rightcloudz"
"836",836,"motion welder"
"837",837,"national foreign"
"838",838,"bcbsa"
"839",839,"rushcard"
"840",840,"state of tx"
"841",841,"ast equity"
"842",842,"northern natural"
"843",843,"at department"
"844",844,"t-mobile usa,"
"845",845,"cigna"
"846",846,"bcbsa"
"847",847,"ubs"
"848",848,"events management"
"849",849,"at&t"
"850",850,"jacobs engineering"
"851",851,"health port"
"852",852,"hartford insurance"
"853",853,"interactive communications"
"854",854,"citi bank"
"855",855,"american express"
"856",856,"department of health"
"857",857,"bcbsa"
"858",858,"cisco systems"
"859",859,"hartford insurance"
"860",860,"or technical"
"861",861,"marys enterprise"
"862",862,"and data"
"863",863,"modern engineering"
"864",864,"baker hughes"
"865",865,"wells fargo"
"866",866,"bcbsa"
"867",867,"edward jones"
"868",868,"bcbsa"
"869",869,"broadcast music"
"870",870,"state of north"
"871",871,"java developer"
"872",872,"jp morgan"
"873",873,"amazon lab126,"
"874",874,"- lead"
"875",875,"anderson merchandisers"
"876",876,"division of developmental"
"877",877,"jp morgan"
"878",878,"/ consultant"
"879",879,"& networking"
"880",880,"liberty mutual"
"881",881,"state of michigan"
"882",882,"aetna inc"
"883",883,"client market"
"884",884,"bcbsa"
"885",885,"morgan stanley"
"886",886,"hp moonshot"
"887",887,"sprint tele"
"888",888,"worcester, ma"
"889",889,"system (web"
"890",890,"state farm"
"891",891,"research assistant"
"892",892,"tata consultancy"
"893",893,"bcbsa"
"894",894,"ericsson india"
"895",895,"institute of insight,"
"896",896,"bcbsa"
"897",897,"directv directv"
"898",898,"agero, inc."
"899",899,"bcbsa"
"900",900,"bcbsa"
"901",901,"cigna health"
"902",902,"sirius xm"
"903",903,"the walt"
"904",904,"and web"
"905",905,"icd technology"
"906",906,"self employed"
"907",907,"for cs61a"
"908",908,"movie trailer"
"909",909,"bcbsa"
"910",910,"sap labs"
"911",911,"bcbsa"
"912",912,"gainspan(iot)"
"913",913,"national institute"
"914",914,"internship influenster"
"915",915,"analytics experience €¢"
"916",916,"intern alibaba"
"917",917,"bcbsa"
"918",918,"bcbsa"
"919",919,"and computer"
"920",920,"- north"
"921",921,"stanfield systems"
"922",922,"(own company)"
"923",923,"bcbsa"
"924",924,"guardian"
"925",925,"test technician"
"926",926,"bcbsa"
"927",927,"flts"
"928",928,"alta lang"
"929",929,"bcbsa"
"930",930,"and team"
"931",931,"hp"
"932",932,"deutsche bank"
"933",933,"honeywell"
"934",934,"motorola mobility"
"935",935,"ii global"
"936",936,"tcl research"
"937",937,"reingold, inc."
"938",938,"qilu security"
"939",939,"chevron €¢"
"940",940,"glogou inc.."
"941",941,"assistant-data analyzing"
"942",942,"evelop/research for"
"943",943,"to count"
"944",944,"intern integra"
"945",945,"cavalier it"
"946",946,"university of north"
"947",947,"- new"
"948",948,"and trainer"
"949",949,"dropbox"
"950",950,"bcbsa"
"951",951,"insight enterprises"
"952",952,"revolveclothing"
"953",953,"ecompany store"
"954",954,"wells fargo"
"955",955,"research assistant"
"956",956,"bcbsa"
"957",957,"edmc"
"958",958,"stevens institute"
"959",959,"glogou inc."
"960",960,"researcher rice"
"961",961,"federal reserve"
"962",962,"bcbsa"
"963",963,"pieriandx"
"964",964,"tutor new"
"965",965,"bcbsa"
"966",966,"royal bank"
"967",967,"(cma consulting"
"968",968,"bcbsa"
"969",969,"& analysis"
"970",970,"research assistant"
"971",971,"bcbsa"
"972",972,"university of central"
"973",973,"gulfstream aerospace"
"974",974,"huaat data"
"975",975,"project python"
"976",976,"bcbsa"
"977",977,"bcbsa"
"978",978,"trader intern"
"979",979,"triad isotopes,"
"980",980,"transamerica corporation"
"981",981,"blue shield"
"982",982,"professor department"
"983",983,"lbadvisor, python"
"984",984,"mediamorph"
"985",985,"bcbsa"
"986",986,"fortã© group"
"987",987,"research assistant"
"988",988,"maxlinear, inc"
"989",989,"northeastern university"
"990",990,"system for"
"991",991,"mentor qiurong"
"992",992,"tangome"
"993",993,"intern tradeweb"
"994",994,"bcbsa"
"995",995,"zenefits"
"996",996,"and clients.  skills"
"997",997,"comcast"
"998",998,"chief"
"999",999,"intern electrical"
"1000",1000,"bcbsa"
"1001",1001,"automatic data"
"1002",1002,"bcbsa"
"1003",1003,"nsg technology"
"1004",1004,"brigham young"
"1005",1005,"safeguard properties,"
"1006",1006,"in test"
"1007",1007,"teaching assistant"
"1008",1008,"prime international"
"1009",1009,"application: a"
"1010",1010,"lmg capital"
"1011",1011,"assistant department"
"1012",1012,"in advanced"
"1013",1013,"dental web"
"1014",1014,"applications developer"
"1015",1015,"bcbsa"
"1016",1016,"caterpillar"
"1017",1017,"cardinal health"
"1018",1018,"citi group"
"1019",1019,"/ project"
"1020",1020,"bcbsa"
"1021",1021,"in retail"
"1022",1022,"dhl world"
"1023",1023,"l.l.bean"
"1024",1024,"hewlett packard"
"1025",1025,"bedrock data"
"1026",1026,"upmc company"
"1027",1027,"innova solutions,"
"1028",1028,"software and"
"1029",1029,"at&t"
"1030",1030,"school of education"
"1031",1031,"bcbsa"
"1032",1032,"bcbsa"
"1033",1033,"at&t"
"1034",1034,"(supplier risk"
"1035",1035,"/ senior"
"1036",1036,"united health"
"1037",1037,"enables organizations"
"1038",1038,"visteon corporation"
"1039",1039,"at&t., ga"
"1040",1040,"bcbsa"
"1041",1041,"general electric"
"1042",1042,"(senior engineer)"
"1043",1043,"rutgers university,"
"1044",1044,"on cumulative"
"1045",1045,"bcbsa"
"1046",1046,"onondaga county"
"1047",1047,"intermountain health"
"1048",1048,"lake city"
"1049",1049,"self opportunity"
"1050",1050,"amtex systems"
"1051",1051,"south eugene"
"1052",1052,"finra"
"1053",1053,"cisco systems"
"1054",1054,"bcbsa"
"1055",1055,"having 2.9"
"1056",1056,"process. i"
"1057",1057,"bcbsa"
"1058",1058,"university of washington"
"1059",1059,"avago technologies"
"1060",1060,"tomorain project. project:"
"1061",1061,"thomson reuters"
"1062",1062,"bcbsa"
"1063",1063,"anthem blue"
"1064",1064,"of data"
"1065",1065,"bcbsa"
"1066",1066,"pivotal labs"
"1067",1067,"postgresql"
"1068",1068,"and strategic"
"1069",1069,"citizens bank"
"1070",1070,"bcbsa"
"1071",1071,"bcbsa"
"1072",1072,"(michaels stores,"
"1073",1073,"map communications"
"1074",1074,"bcbsa"
"1075",1075,"bcbsa"
"1076",1076,"infosys"
"1077",1077,"bcbsa"
"1078",1078,"adobe systems"
"1079",1079,"qualcomm"
"1080",1080,"and data"
"1081",1081,"deloitte client"
"1082",1082,"gorkana group"
"1083",1083,"gannon university"
"1084",1084,"market day"
"1085",1085,"nuance communications,"
"1086",1086,"pakedge device"
"1087",1087,"abn amro"
"1088",1088,"appcard (www.appcard.com)"
"1089",1089,"sciquest"
"1090",1090,"bcbsa"
"1091",1091,"pros €¢"
"1092",1092,"mckesson duties:"
"1093",1093,"wipro accuen"
"1094",1094,"bank of america/merrill"
"1095",1095,"bcbsa"
"1096",1096,"561 media"
"1097",1097,"global bank"
"1098",1098,"bcbsa"
"1099",1099,"bcbsa"
"1100",1100,"g2 software"
"1101",1101,"career experienes"
"1102",1102,"merrill lynch,"
"1103",1103,"bcbsa"
"1104",1104,"university activities: best research"
"1105",1105,"bcbsa"
"1106",1106,"bcbsa"
"1107",1107,"bcbsa"
"1108",1108,"bcbsa"
"1109",1109,"bcbsa"
"1110",1110,"oxagile"
"1111",1111,"of parcel"
"1112",1112,"bcbsa"
"1113",1113,"for isp"
"1114",1114,"trustwave holdings,"
"1115",1115," €¢ analytical,"
"1116",1116,"bcbsa"
"1117",1117,"citi"
"1118",1118,"global bank"
"1119",1119,"/ it"
"1120",1120,"data science"
"1121",1121,"us army"
"1122",1122,"j.crew group,"
"1123",1123,"hp"
"1124",1124,"bcbsa"
"1125",1125,"bcbsa"
"1126",1126,"bcbsa"
"1127",1127,"techmahindra ltd"
"1128",1128,"fox interactive"
"1129",1129,"bcbsa"
"1130",1130,"wells fargo"
"1131",1131,"bcbsa"
"1132",1132,"independent contractor"
"1133",1133,"alerton/optergy"
"1134",1134,"python mvc"
"1135",1135,"terrorism august"
"1136",1136,"bcbsa"
"1137",1137,"ux developer"
"1138",1138,"method to"
"1139",1139,"aevum novus"
"1140",1140,"stanford university"
"1141",1141,"workforce software"
"1142",1142,"corning incorporated"
"1143",1143,"creative aero"
"1144",1144,"cugi eboard"
"1145",1145,"bcbsa"
"1146",1146,"general dynamics"
"1147",1147,"bcbsa"
"1148",1148,"tompkins tennis"
"1149",1149,"costume designer"
"1150",1150,"halliburton/landmark the"
"1151",1151,"ashima devices"
"1152",1152,"fundamentals"
"1153",1153,"u.s. naval"
"1154",1154,"south texas"
"1155",1155,"bcbsa"
"1156",1156,"system. implemented components"
"1157",1157,"intern tds"
"1158",1158,"infinite computer"
"1159",1159,"bcbsa"
"1160",1160,"complete professional"
"1161",1161,"sathya technologies"
"1162",1162,"bcbsa"
"1163",1163,"dynamic dreamz"
"1164",1164,"san antonio"
"1165",1165,"hcentive"
"1166",1166,"rbc financial"
"1167",1167,"home depot"
"1168",1168,"intern om"
"1169",1169,"bcbsa"
"1170",1170,"bofa €¢"
"1171",1171,"hisna"
"1172",1172,"bcbsa"
"1173",1173,"stanley black"
"1174",1174,"uprev"
"1175",1175,"citizens property"
"1176",1176,"bcbsa"
"1177",1177,"ibm"
"1178",1178,"bcbsa"
"1179",1179,"asu/ucla biomechatronics"
"1180",1180,"bcbsa"
"1181",1181,"www.x-cd.com completely"
"1182",1182,"bcbsa"
"1183",1183,"ponomusic"
"1184",1184,"research assistant"
"1185",1185,"university of cambridge,"
"1186",1186,"f5 networks"
"1187",1187,"bcbsa"
"1188",1188,"bcbsa"
"1189",1189,"coca cola"
"1190",1190,"ii, qos"
"1191",1191,"acbj"
"1192",1192,"bcbsa"
"1193",1193,"mechaenginerring solution"
"1194",1194,"selective insurance"
"1195",1195,"bankers financial"
"1196",1196,"samsung electronics"
"1197",1197,"california department"
"1198",1198,"bcbsa"
"1199",1199,"comso inc,"
"1200",1200,"contata solutions"
"1201",1201,"in test"
"1202",1202,"marketsharp software"
"1203",1203,"teledyne technologies"
"1204",1204,"bcbsa"
"1205",1205,"truebud"
"1206",1206,"wolters kluwer"
"1207",1207,"republic services"
"1208",1208,"exablox"
"1209",1209,"pacific gas"
"1210",1210,"teaching assistant"
"1211",1211,"bcbsa"
"1212",1212,"verdante bioenergy"
"1213",1213,"""""syncpy"""" project,"
"1214",1214,"ata services"
"1215",1215,"bcbsa"
"1216",1216,"bcbsa"
"1217",1217,"ii sandisk"
"1218",1218,"of over"
"1219",1219,"bcbsa"
"1220",1220,"src"
"1221",1221,"bcbsa"
"1222",1222,"rtdroid €¢"
"1223",1223,"globalfoundries manage"
"1224",1224,"john deere"
"1225",1225,"research assistant"
"1226",1226,"caronet"
"1227",1227,"forman mills,"
"1228",1228,"healthways"
"1229",1229,"bulkchain"
"1230",1230,"club involvement"
"1231",1231,"geospatial sciences"
"1232",1232,"j5 systems"
"1233",1233,"pathfinder energy"
"1234",1234,"supercare"
"1235",1235,"mvc architecture"
"1236",1236,"next phase"
"1237",1237,"bcbsa"
"1238",1238,"proficient business"
"1239",1239,"intern two"
"1240",1240,"frazer computing,"
"1241",1241,"bcbsa"
"1242",1242,"- decision"
"1243",1243,"bcbsa"
"1244",1244,"at&t"
"1245",1245,"co-op rockwell"
"1246",1246,"rochester institute"
"1247",1247,"unisys"
"1248",1248,"ii volcano"
"1249",1249,"bcbsa"
"1250",1250,"bcbsa"
"1251",1251,"deka reasearch"
"1252",1252,"jpmorgan chase"
"1253",1253,"ttm technologies"
"1254",1254,"blue cross"
"1255",1255,"quicken loans"
"1256",1256,"supervalu inc"
"1257",1257,"csu, east"
"1258",1258,"providence software"
"1259",1259,"back-end"
"1260",1260,"ecoing15"
"1261",1261,"nexidia"
"1262",1262,"seagate llc"
"1263",1263,"data science,"
"1264",1264,"developer team"
"1265",1265,"bcbsa"
"1266",1266,"google /"
"1267",1267,"progressive data"
"1268",1268,"devops engineer"
"1269",1269,"latentview analytics"
"1270",1270,"aspen capital"
"1271",1271,"cognizant technology"
"1272",1272,"bcbsa"
"1273",1273,"outbox technology"
"1274",1274,"sendout cards"
"1275",1275,"waston innovations"
"1276",1276,"bcbsa"
"1277",1277,"(temporary) harvard"
"1278",1278,"- bigdata"
"1279",1279,"at context"
"1280",1280,"software developer"
"1281",1281,"php python"
"1282",1282,"bcbsa"
"1283",1283,"bcbsa"
"1284",1284,"bcbsa"
"1285",1285,"python unity"
"1286",1286,"bcbsa"
"1287",1287,"micron technology"
"1288",1288,"lendingtree"
"1289",1289,"hp test"
"1290",1290,"ibm"
"1291",1291,"analytics8 €¢"
"1292",1292,"nextern, inc"
"1293",1293,"bcbsa"
"1294",1294,"ring0 technologies"
"1295",1295,"general motors"
"1296",1296,"javascript developer"
"1297",1297,"endgame computer"
"1298",1298,"analyst ii"
"1299",1299,"of a"
"1300",1300,"northrop grumman"
"1301",1301,"bcbsa"
"1302",1302,"bcbsa"
"1303",1303,"apex data"
"1304",1304,"systems and"
"1305",1305,"on biotechnology"
"1306",1306,"mobitv"
"1307",1307,"global traffic"
"1308",1308,"epic games"
"1309",1309,"bcbsa"
"1310",1310,"aiscent technology"
"1311",1311,"linbis"
"1312",1312,"networking coursework. wrote"
"1313",1313,"ingã©nieur de"
"1314",1314,"capital one"
"1315",1315,"netapp"
"1316",1316,"using roundup."
"1317",1317,"directv"
"1318",1318,"axillon group"
"1319",1319,"intern nkk"
"1320",1320,"einstein"
"1321",1321,"at&t"
"1322",1322,"bcbsa"
"1323",1323,"context relevant"
"1324",1324,"python"
"1325",1325,"bcbsa"
"1326",1326,"with cftc"
"1327",1327,"st microelectronics"
"1328",1328,"bcbsa"
"1329",1329,"sra international,"
"1330",1330,"bcbsa"
"1331",1331,"office of attorney"
"1332",1332,"value options"
"1333",1333,"and product"
"1334",1334,"bcbsa"
"1335",1335,"adecco at"
"1336",1336,"chronicle"
"1337",1337,"- business"
"1338",1338,"coverity"
"1339",1339,"backbonejs, nodejs"
"1340",1340,"bcbsa"
"1341",1341,"bcbsa"
"1342",1342,"tata consultancy"
"1343",1343,"chicago trading"
"1344",1344,"instructor and"
"1345",1345,"bcbsa"
"1346",1346,"bcbsa"
"1347",1347,"zappos, nv"
"1348",1348,"syntel"
"1349",1349,"google"
"1350",1350,"allegion usa"
"1351",1351,"bank of america"
"1352",1352,"iii global"
"1353",1353,"citi group"
"1354",1354,"bcbsa"
"1355",1355,"www.maslennikov.us"
"1356",1356,"geico built"
"1357",1357,"bcbsa"
"1358",1358,"toysrus"
"1359",1359,"cisco systems"
"1360",1360,"analyst cognizant"
"1361",1361,"open at"
"1362",1362,"ibm"
"1363",1363,"- python"
"1364",1364,"slice"
"1365",1365,"bcbsa"
"1366",1366,"bcbsa"
"1367",1367,"bcbsa"
"1368",1368,"bcbsa"
"1369",1369,"dolby laboratories"
"1370",1370,"bcbsa"
"1371",1371,"accenture"
"1372",1372,"bike shop"
"1373",1373,"st. edward's"
"1374",1374,"bcbsa"
"1375",1375,"university of rhode"
"1376",1376,"website pipeline"
"1377",1377,"on multiple"
"1378",1378,"infosense services"
"1379",1379,"bcbsa"
"1380",1380,"bcbsa"
"1381",1381,"at emagin"
"1382",1382,"(consultant) biogen"
"1383",1383,"mcm services"
"1384",1384,"technical assistant"
"1385",1385,"emc"
"1386",1386,"sirius computer"
"1387",1387,"research assistant"
"1388",1388,"university of montreal"
"1389",1389,"bcbsa"
"1390",1390,"- internship"
"1391",1391,"bcbsa"
"1392",1392,"bcbsa"
"1393",1393,"intern at"
"1394",1394,"bcbsa"
"1395",1395,"ii microsoft"
"1396",1396,"assero services,"
"1397",1397,"pure storage"
"1398",1398,"clm group"
"1399",1399,"kfg"
"1400",1400,"wells fargo"
"1401",1401,"procter &"
"1402",1402,"conagra foods"
"1403",1403,"upward automation"
"1404",1404,"frederic printing"
"1405",1405,"gallant lab"
"1406",1406,"bcbsa"
"1407",1407,"surgical tools"
"1408",1408,"research assistant"
"1409",1409,"(plm) tool"
"1410",1410,"proton therapy"
"1411",1411,"and analyst,"
"1412",1412,"stirplate"
"1413",1413,"intern at"
"1414",1414,"general assembly"
"1415",1415,"new york"
"1416",1416,"oat checkpoint"
"1417",1417,"software developer"
"1418",1418,"/ designer"
"1419",1419,"diageo"
"1420",1420,"pnc bank"
"1421",1421,"state street"
"1422",1422,"bcbsa"
"1423",1423,"/ c"
"1424",1424,"internet banking"
"1425",1425,"- vmware/storage"
"1426",1426,"sprint/alcatel-lucent/gta explored"
"1427",1427,"institute for"
"1428",1428,"agilone"
"1429",1429,"& web"
"1430",1430,"otter products"
"1431",1431,"bcbsa"
"1432",1432,"bcbsa"
"1433",1433,"tuatara oversee"
"1434",1434,"best buy"
"1435",1435,"bcbsa"
"1436",1436,"bcbsa"
"1437",1437,"hydrotex architect"
"1438",1438,"microsoft"
"1439",1439,"federal institute"
"1440",1440,"tata consultancy"
"1441",1441,"software engineer"
"1442",1442,"intern jabil"
"1443",1443,"replicon software"
"1444",1444,"bank of america"
"1445",1445,"byu international"
"1446",1446,"cbs interactive"
"1447",1447,"university of central"
"1448",1448,"wicked analytics"
"1449",1449,"bcbsa"
"1450",1450,"intern broadcom"
"1451",1451,"honeywell"
"1452",1452,"tech mahindra"
"1453",1453,"for my"
"1454",1454,"deloitte, va"
"1455",1455,"interconex, inc"
"1456",1456,"bank of the"
"1457",1457,"infinity insurance"
"1458",1458,"verizon"
"1459",1459,"bcbsa"
"1460",1460,"bcbsa"
"1461",1461,"learning experience"
"1462",1462,"sonata services"
"1463",1463,"bcbsa"
"1464",1464,"bcbsa"
"1465",1465,"in operating"
"1466",1466,"cisco systems"
"1467",1467,"deloitte"
"1468",1468,"cisco systems"
"1469",1469,"bucknell university"
"1470",1470,"american eagle"
"1471",1471,"weehawken, nj"
"1472",1472,"- foundations"
"1473",1473,"exb solutions"
"1474",1474,"doctor lan"
"1475",1475,"independent contractor"
"1476",1476,"flowershop network"
"1477",1477,"enki corp"
"1478",1478,"luzene"
"1479",1479,"minerva engineering"
"1480",1480,"bcbsa"
"1481",1481,"of project"
"1482",1482,"bcbsa"
"1483",1483,"comresource inc"
"1484",1484,"bcbsa"
"1485",1485,"systems for"
"1486",1486,"boa marine"
"1487",1487,"kms solutions"
"1488",1488,"crowdnetic corporation"
"1489",1489,"sysomos inc"
"1490",1490,"tata consultancy"
"1491",1491,"e-ring software"
"1492",1492,"usaa"
"1493",1493,"(dba) internship"
"1494",1494,"bcbsa"
"1495",1495,"wayne state"
"1496",1496,"bcbsa"
"1497",1497,"bcbsa"
"1498",1498,"programmer under"
"1499",1499,"hca"
"1500",1500,"ii ericsson"
"1501",1501,"cmc ltd"
"1502",1502,"bcbsa"
"1503",1503,"jpmorgan chase"
"1504",1504,"gannett"
"1505",1505,"intersog software"
"1506",1506,"earnst &young,"
"1507",1507,"adp"
"1508",1508,"bcbsa"
"1509",1509,"/ devops"
"1510",1510,"cupertino, ca"
"1511",1511,"life technology"
"1512",1512,"cavium llc"
"1513",1513,"bcbsa"
"1514",1514,"bcbsa"
"1515",1515,"medios e"
"1516",1516,"affinion"
"1517",1517,"jhhl.net"
"1518",1518,"afit/enp ctisr"
"1519",1519,"adp llc"
"1520",1520,"solution, and"
"1521",1521,"searchforce inc."
"1522",1522,"/ web"
"1523",1523,"bcbsa"
"1524",1524,"nexxtep"
"1525",1525,"h3 consulting,"
"1526",1526,"red hat"
"1527",1527,"rutgers, the"
"1528",1528,"student illinois"
"1529",1529,"assistant depaul"
"1530",1530,"hewlett packard"
"1531",1531,"vanderbilt university"
"1532",1532,"bcbsa"
"1533",1533,"blue cross"
"1534",1534,"cigna"
"1535",1535,"american family"
"1536",1536,"bcbsa"
"1537",1537,"bridgestone"
"1538",1538,"touro"
"1539",1539,"& front-end"
"1540",1540,"- product"
"1541",1541,"fundamentals: wire-framing,"
"1542",1542,"catalyst it"
"1543",1543,"intern wavetronix"
"1544",1544,"researcher temple"
"1545",1545,"current job"
"1546",1546,"new york"
"1547",1547,"belvedere trading"
"1548",1548,"(contract) self"
"1549",1549,"portnov computer"
"1550",1550,"professionals to"
"1551",1551,"bcbsa"
"1552",1552,"harpercollins publishers"
"1553",1553,"samsung india"
"1554",1554,"tribune company"
"1555",1555,"otsuka us"
"1556",1556,"bcbsa"
"1557",1557,"new york"
"1558",1558,"bcbsa"
"1559",1559,"bcbsa"
"1560",1560,"city of hope"
"1561",1561,"university of north"
"1562",1562,"bcbsa"
"1563",1563,"bcbsa"
"1564",1564,"/ team"
"1565",1565,"qualcomm connected"
"1566",1566,"visa inc"
"1567",1567,"designer python"
"1568",1568,"javelin capital"
"1569",1569,"voicebox technologies"
"1570",1570,"national geographic"
"1571",1571,"bcbsa"
"1572",1572,"hartford financial"
"1573",1573,"aetna"
"1574",1574,"walmart"
"1575",1575,"american college"
"1576",1576,"intercontinental exchange"
"1577",1577,"bcbsa"
"1578",1578,"can bus"
"1579",1579,"standards such"
"1580",1580,"suntrust bank"
"1581",1581,"va richmond"
"1582",1582,"sap bi"
"1583",1583,"cobalt automotive"
"1584",1584,"bcbsa"
"1585",1585,"epicor software"
"1586",1586,"express tokenization"
"1587",1587,"sp richards"
"1588",1588,"bcbsa"
"1589",1589,"bcbsa"
"1590",1590,"general motors,"
"1591",1591,"agility network"
"1592",1592,"specializing in"
"1593",1593,"java/android developer"
"1594",1594,"psiber hris"
"1595",1595,"bcbsa"
"1596",1596,"append analytics"
"1597",1597,"ingenu"
"1598",1598,"bcbsa"
"1599",1599,"developer american"
"1600",1600,"bcbsa"
"1601",1601,"mysql, sql €¢"
"1602",1602,"lithiumstart, inc"
"1603",1603,"esri"
"1604",1604,"bcbsa"
"1605",1605,"esp it"
"1606",1606,"western digital"
"1607",1607,"newscred"
"1608",1608,"duke mathematics"
"1609",1609,"bcbsa"
"1610",1610,"sparefoot"
"1611",1611,"barclays"
"1612",1612,"verizon"
"1613",1613,"bloomerg lp"
"1614",1614,"at qualcomm"
"1615",1615,"rr donnelley"
"1616",1616,"intern focuskpi"
"1617",1617,"intern china"
"1618",1618,"/ java"
"1619",1619,"broadcom"
"1620",1620,"verizon"
"1621",1621,"translational genomics"
"1622",1622,"nanodegree program"
"1623",1623,"v5 systems"
"1624",1624,"liberty mutual,"
"1625",1625,"application programming"
"1626",1626,"bcbsa"
"1627",1627,"consulting java"
"1628",1628,"mckesson"
"1629",1629,"bcbsa"
"1630",1630,"intern cisco"
"1631",1631,"ii tampa"
"1632",1632,"solid earth,"
"1633",1633,"ls research,"
"1634",1634,"happiest minds"
"1635",1635,"(contract) air"
"1636",1636,"4 rose"
"1637",1637,"web developer"
"1638",1638,"comnet marketing"
"1639",1639,"greenville health"
"1640",1640,"lenderlive responsible"
"1641",1641,"cornell university"
"1642",1642,"storiant"
"1643",1643,"brandeis university"
"1644",1644,"talentburst/sapient"
"1645",1645,"us securities"
"1646",1646,"bcbsa"
"1647",1647,"quantum spatial"
"1648",1648,"lexmark"
"1649",1649,"research assistant"
"1650",1650,"beyond (bynd.com)"
"1651",1651,"developer /"
"1652",1652,"trade financial"
"1653",1653,"los alamos"
"1654",1654,"mexicoder, inc"
"1655",1655,"interface people"
"1656",1656,"spoton.com"
"1657",1657,"dazysoft ltd,"
"1658",1658,"geoprocessing team"
"1659",1659,"bcbsa"
"1660",1660,"nokia"
"1661",1661,"entre computer"
"1662",1662,"software engineer"
"1663",1663,"and project"
"1664",1664,"bcbsa"
"1665",1665,"cybrtrayd"
"1666",1666,"speed commerce"
"1667",1667,"analyst rapid"
"1668",1668,"the university"
"1669",1669,"and guidance"
"1670",1670,"/ employee"
"1671",1671,"nxt-id"
"1672",1672,"/ contract"
"1673",1673,"documents for"
"1674",1674,"bcbsa"
"1675",1675,"bcbsa"
"1676",1676,"six stars"
"1677",1677,"and development"
"1678",1678,"thompson lab"
"1679",1679,"income dynamics"
"1680",1680,"american well"
"1681",1681,"bcbsa"
"1682",1682,"bcbsa"
"1683",1683,"automation engineer"
"1684",1684,"bcbsa"
"1685",1685,"bcbsa"
"1686",1686,"socialwire /"
"1687",1687,"university of iowa"
"1688",1688,"bcbsa"
"1689",1689,"discovery communications"
"1690",1690,"disney"
"1691",1691,"infogix, inc"
"1692",1692,"analyst gmd"
"1693",1693,"tech rocket"
"1694",1694,"- data"
"1695",1695,"turnberry solutions"
"1696",1696,"bcbsa"
"1697",1697,"imagine it"
"1698",1698,"ii rart"
"1699",1699,"bcbsa"
"1700",1700,"bcbsa"
"1701",1701,"(intern) oceanwide"
"1702",1702,"student dartmouth"
"1703",1703,"vanco payment"
"1704",1704,"china telecom"
"1705",1705,"iii harris"
"1706",1706,"te connectivity"
"1707",1707,"qa lead"
"1708",1708,"martin sprocket"
"1709",1709,"bcbsa"
"1710",1710,"inquest technologies"
"1711",1711,"trade financial"
"1712",1712,"cvs caremark"
"1713",1713,"intern smooth-on,"
"1714",1714,"barclays"
"1715",1715,"ut southwestern"
"1716",1716,"stanford institute"
"1717",1717,"internship bytedance"
"1718",1718,"hewlett packard"
"1719",1719,"java crew"
"1720",1720,"bcbsa"
"1721",1721,"insight enterprises"
"1722",1722,"(contract position)"
"1723",1723,"united states"
"1724",1724,"bcbsa"
"1725",1725,"hcl technologies"
"1726",1726,"bcbsa"
"1727",1727,"bcbsa"
"1728",1728,"bcbsa"
"1729",1729,"1"
"1730",1730,"center of research"
"1731",1731,"cisco systems"
"1732",1732,"micron technology"
"1733",1733,"capital one"
"1734",1734,"umc"
"1735",1735,"students for"
"1736",1736,"research assistant/software"
"1737",1737,"(consultant) ascolta"
"1738",1738,"wellington management"
"1739",1739,"san diego"
"1740",1740,"bcbsa"
"1741",1741,"united guaranty"
"1742",1742,"guideone insurance"
"1743",1743,"mind tree"
"1744",1744,"united guaranty"
"1745",1745,"texas integrated"
"1746",1746,"northern arizona"
"1747",1747,"imatchative startup,"
"1748",1748,"bcbsa"
"1749",1749,"/ devops"
"1750",1750,"for prof."
"1751",1751,"software developer"
"1752",1752,"xlhybrids"
"1753",1753,"and build"
"1754",1754,"bcbsa"
"1755",1755,"bcbsa"
"1756",1756,"(python web/tools"
"1757",1757,"bcbsa"
"1758",1758,"xxx"
"1759",1759,"enernoc"
"1760",1760,"bcbsa"
"1761",1761,"in the"
"1762",1762,"infinite conferencing,"
"1763",1763,"- system"
"1764",1764,"cisco systems"
"1765",1765,"to model"
"1766",1766,"8z real"
"1767",1767,"zcrowd, inc"
"1768",1768,"- robotics"
"1769",1769,"bcbsa"
"1770",1770,"bcbsa"
"1771",1771,"genesis healthcare"
"1772",1772,"mesowest"
"1773",1773,"ntt communications"
"1774",1774,"pinnacle group"
"1775",1775,"of a"
"1776",1776,"bcbsa"
"1777",1777,"(python, sql,"
"1778",1778,"and it"
"1779",1779,"bank bnp,"
"1780",1780,"suntrust bank"
"1781",1781,"capital one"
"1782",1782,"xmx solutions"
"1783",1783,"paratus llc"
"1784",1784,"applied optimization"
"1785",1785,"bcbsa"
"1786",1786,"bcbsa"
"1787",1787,"citadel"
"1788",1788,"welcome aboard"
"1789",1789,"xiquant inc"
"1790",1790,"bcbsa"
"1791",1791,"trustwave holdings"
"1792",1792,"cummins"
"1793",1793,"clent"
"1794",1794,"mylan"
"1795",1795,"deutsche bank,"
"1796",1796,"(full time)"
"1797",1797,"united health"
"1798",1798,"credit suisse,"
"1799",1799,"dtcc global"
"1800",1800,"apple inc"
"1801",1801,"bcbsa"
"1802",1802,"columbia university"
"1803",1803,"dtcc global"
"1804",1804,"paychex"
"1805",1805,"dtcc global"
"1806",1806,"bcbsa"
"1807",1807,"pro, energy"
"1808",1808,"vtg software"
"1809",1809,"datalink corporation"
"1810",1810,"morgan stanley"
"1811",1811,"northwestern polytechnic"
"1812",1812,"engineer bomgar"
"1813",1813,"ssl"
"1814",1814,"wells fargo"
"1815",1815,"ny dep"
"1816",1816,"syntel inc"
"1817",1817,"learning express"
"1818",1818,"verizon"
"1819",1819,"self-employed"
"1820",1820,"bcbsa"
"1821",1821,"esri €¢"
"1822",1822,"- python/java"
"1823",1823,"bcbsa"
"1824",1824,"quixey"
"1825",1825,"bcbsa"
"1826",1826,"bcbsa"
"1827",1827,"minot state"
"1828",1828,"engineer android"
"1829",1829,"rocket fuel"
"1830",1830,"redbrick health"
"1831",1831,"intel-silicon photonics"
"1832",1832,"forsythe solutions"
"1833",1833,"state university"
"1834",1834,"bcbsa"
"1835",1835,"dell"
"1836",1836,"for gen3i,"
"1837",1837,"invista"
"1838",1838,"lincoln financial"
"1839",1839,"and migration"
"1840",1840,"verizon"
"1841",1841,"bcbsa"
"1842",1842,"rj lee"
"1843",1843,"berico technologies"
"1844",1844,"american axel"
"1845",1845,"ecovent"
"1846",1846,"and python"
"1847",1847,"bcbsa"
"1848",1848,"intern ibm"
"1849",1849,"and vp"
"1850",1850,"netflix"
"1851",1851,"dte energy"
"1852",1852,"university of maryland"
"1853",1853,"pivotal labs"
"1854",1854,"on a"
"1855",1855,"credacious.com"
"1856",1856,"emc fun"
"1857",1857,"zhreo"
"1858",1858,"agivox inc"
"1859",1859,"it department,"
"1860",1860,"bcbsa"
"1861",1861,"hewlett packard"
"1862",1862,"high performance"
"1863",1863,"bcbsa"
"1864",1864,"of all"
"1865",1865,"megaputer intelligence"
"1866",1866,"juniper networks"
"1867",1867,"bcbsa"
"1868",1868,"for aero/astro"
"1869",1869,"bcbsa"
"1870",1870,"bcbsa"
"1871",1871,"bcbsa"
"1872",1872,"shoppable"
"1873",1873,"bcbsa"
"1874",1874,"schlumberger"
"1875",1875,"soongsil university"
"1876",1876,"hsbc, greensboro"
"1877",1877,"vision technology"
"1878",1878,"ameri health"
"1879",1879,"florida blue"
"1880",1880,"- database"
"1881",1881,"bcbsa"
"1882",1882,"minneapolis-based target"
"1883",1883,"bcbsa"
"1884",1884,"general electric"
"1885",1885,"ecohealth alliance"
"1886",1886,"imagine communication/rgbnetworks"
"1887",1887,"bcbsa"
"1888",1888,"newtech s.r.l"
"1889",1889,"bcbsa"
"1890",1890,"catalyst health"
"1891",1891,"tri-star engineering"
"1892",1892,"bcbsa"
"1893",1893,"(ta) nyc"
"1894",1894,"northeastern university"
"1895",1895,"catalina marketing"
"1896",1896,"genscape"
"1897",1897,"bcbsa"
"1898",1898,"bcbsa"
"1899",1899,"capital one"
"1900",1900,"(mysql, access),"
"1901",1901,"bcbsa"
"1902",1902,"evaluation and"
"1903",1903,"verizon"
"1904",1904,"aruba networks"
"1905",1905,"python python"
"1906",1906,"pg&e the"
"1907",1907,"asset technology"
"1908",1908,"at&t, austin"
"1909",1909,"developer/support pyramid"
"1910",1910,"bcbsa"
"1911",1911,"- simple"
