"","token","Count"
"1","-browser",10
"2","è",249
"3","10g",15
"4","„",16
"5","ableau",24
"6","abstract",12
"7","acceptance",24
"8","access",140
"9","accomplishments",26
"10","account",49
"11","action",79
"12","activity",23
"13","ad",29
"14","address",14
"15","administration",22
"16","administrator",16
"17","adobe",23
"18","ag",51
"19","agile",117
"20","air",24
"21","ajax",64
"22","algorithm",11
"23","amazon",14
"24","america",21
"25","analysis",86
"26","analyst",71
"27","analytics",50
"28","analyze",27
"29","angularjs",23
"30","aop",24
"31","api",53
"32","app",47
"33","application",873
"34","applications",32
"35","architect",23
"36","architecture",60
"37","arm",10
"38","asp.ne",15
"39","asset",38
"40","assistant",87
"41","associate",10
"42","assurance",24
"43","atlanta",13
"44","audio",10
"45","audit",14
"46","authorization",11
"47","auto",29
"48","automation",181
"49","availability",11
"50","aws",40
"51","b",31
"52","back",62
"53","backend",90
"54","backup",17
"55","bank",50
"56","banking",35
"57","bar",11
"58","base",34
"59","bash",30
"60","batch",81
"61","bean",35
"62","bi",16
"63","billing",21
"64","board",18
"65","book",10
"66","boot",14
"67","bootstrap",22
"68","boston",17
"69","box",25
"70","brain",11
"71","browser",33
"72","bug",108
"73","build",136
"74","building",64
"75","bulk",11
"76","bus",10
"77","business",863
"78","c",107
"79","ca",129
"80","caching",10
"81","california",12
"82","call",35
"83","camp",10
"84","capital",32
"85","car",10
"86","card",29
"87","care",45
"88","case",82
"89","cash",22
"90","cassandra",11
"91","cause",10
"92","cell",19
"93","center",59
"94","cerner",10
"95","change",44
"96","channel",10
"97","check",13
"98","chef",13
"99","chicago",15
"100","ci",12
"101","circuit",12
"102","cisco",63
"103","city",11
"104","class",83
"105","client",355
"106","clients",10
"107","cloud",86
"108","cloudera",17
"109","cluster",33
"110","code",378
"111","coding",42
"112","coherence",14
"113","collection",25
"114","college",19
"115","command",27
"116","commerce",11
"117","communication",46
"118","communications",13
"119","community",15
"120","company",82
"121","compatibility",16
"122","complex",13
"123","compliance",20
"124","components",10
"125","computer",113
"126","computing",15
"127","conduct",16
"128","configuration",145
"129","connection",28
"130","consultancy",11
"131","consultant",34
"132","consulting",20
"133","consumer",37
"134","contact",11
"135","container",12
"136","content",59
"137","context",10
"138","contract",21
"139","control",133
"140","controller",66
"141","conversion",18
"142","core",233
"143","corporation",36
"144","cost",20
"145","coverage",16
"146","cp",12
"147","credit",79
"148","criteria",13
"149","crm",13
"150","cross",89
"151","crud",12
"152","css",35
"153","csv",21
"154","custom",14
"155","customer",283
"156","cvs",10
"157","cxf",18
"158","cycle",24
"159","dao",68
"160","dashboard",20
"161","data",1384
"162","database",367
"163","date",25
"164","d„veloppement",18
"165","d„veloppeur",10
"166","day",39
"167","db",26
"168","de",38
"169","dealer",12
"170","decision",37
"171","defect",34
"172","defense",17
"173","delivery",43
"174","demand",15
"175","department",21
"176","dependency",102
"177","deployment",85
"178","depth",10
"179","des",11
"180","description",16
"181","design",464
"182","designer",14
"183","desk",14
"184","desktop",27
"185","detail",12
"186","dev",17
"187","develop",11
"188","developer",612
"189","development",519
"190","device",39
"191","disk",11
"192","display",10
"193","distribution",15
"194","django",97
"195","document",62
"196","documentation",24
"197","dom",25
"198","domain",23
"199","driver",13
"200","dynamic",12
"201","e-commerce",22
"202","eagle",10
"203","eam",56
"204","ech",14
"205","echnologies",20
"206","echnology",69
"207","eclipse",65
"208","ecommerce",25
"209","edge",11
"210","education",15
"211","ee",63
"212","effort",10
"213","ejb",10
"214","el",35
"215","element",13
"216","eligibility",28
"217","email",34
"218","emergency",11
"219","employee",36
"220","en",10
"221","end",297
"222","energy",28
"223","engine",22
"224","engineer",263
"225","engineering",80
"226","enhance",10
"227","enhancement",11
"228","enterprise",172
"229","entity",42
"230","entry",12
"231","environment",63
"232","equipment",14
"233","equity",10
"234","error",47
"235","est",50
"236","et",11
"237","event",35
"238","exas",10
"239","exception",40
"240","exchange",28
"241","execution",16
"242","experience",16
"243","expert",11
"244","ext",27
"245","extjs",11
"246","extract",11
"247","fa„ß",12
"248","factory",14
"249","feature",19
"250","field",23
"251","file",91
"252","finance",16
"253","firmware",13
"254","fixing",11
"255","fl",24
"256","flash",18
"257","flex",20
"258","flow",28
"259","form",49
"260","fort",15
"261","foundation",18
"262","frame",41
"263","framework",112
"264","frameworks",14
"265","freelance",15
"266","front",38
"267","frontend",15
"268","functionality",20
"269","fx",10
"270","game",13
"271","generating",17
"272","generation",18
"273","gi",15
"274","gis",26
"275","git",31
"276","government",14
"277","graduate",37
"278","grid",15
"279","group",59
"280","gui",41
"281","hadoop",75
"282","hand",11
"283","handling",13
"284","hardware",58
"285","hbase",10
"286","health",92
"287","healthcare",25
"288","help",17
"289","hewlett",13
"290","history",10
"291","hml",37
"292","hoc",22
"293","home",40
"294","host",11
"295","house",35
"296","hp",80
"297","hybrid",12
"298","Ô",12
"299","ibm",111
"300","id",14
"301","ide",14
"302","identity",23
"303","ÔÉ",11
"304","il",34
"305","image",27
"306","impact",13
"307","implement",16
"308","implementation",19
"309","inc",68
"310","incident",10
"311","index",10
"312","industry",26
"313","information",76
"314","infrastructure",26
"315","ingestion",11
"316","injection",13
"317","input",22
"318","installation",20
"319","insurance",67
"320","integration",193
"321","intel",11
"322","intelligence",22
"323","interaction",12
"324","interface",54
"325","internet",43
"326","internship",15
"327","intranet",18
"328","inventory",30
"329","investment",34
"330","ioc",25
"331","ip",30
"332","issue",17
"333","item",12
"334","iteration",12
"335","j2ee",51
"336","jar",12
"337","jasper",29
"338","java",1101
"339","javascript",57
"340","jax",137
"341","jboss",49
"342","jdbc",36
"343","jenkins",23
"344","jersey",23
"345","jira",22
"346","jms",50
"347","job",57
"348","jpa",13
"349","jquery",82
"350","js",37
"351","jsf",42
"352","jsl",11
"353","json",45
"354","jsp",82
"355","junit",115
"356","knowledge",17
"357","la",19
"358","lab",33
"359","laboratory",14
"360","lamp",10
"361","language",57
"362","languages",16
"363","layer",46
"364","ldap",11
"365","le",18
"366","lead",40
"367","legacy",71
"368","les",12
"369","level",179
"370","library",14
"371","life",125
"372","lifecycle",19
"373","light",19
"374","line",34
"375","linear",19
"376","linux",164
"377","list",11
"378","llc",25
"379","load",69
"380","loading",11
"381","loan",38
"382","log",20
"383","logic",65
"384","login",21
"385","logistics",12
"386","ltd",12
"387","m",12
"388","ma",38
"389","machine",43
"390","mail",14
"391","maintenance",38
"392","manage",14
"393","management",337
"394","manager",34
"395","map",44
"396","mapping",60
"397","mapreduce",18
"398","market",87
"399","marketing",61
"400","master",16
"401","matter",21
"402","maven",19
"403","media",56
"404","member",32
"405","memory",37
"406","menu",15
"407","mercury",14
"408","message",63
"409","messaging",26
"410","metadata",10
"411","methodology",11
"412","microsoft",22
"413","migration",28
"414","missile",11
"415","mn",14
"416","mo",17
"417","mock",21
"418","model",100
"419","modeling",30
"420","module",26
"421","mongo",35
"422","mongodb",19
"423","monitor",13
"424","monitoring",28
"425","mortgage",18
"426","motor",10
"427","movie",10
"428","mq",45
"429","ms",78
"430","mule",13
"431","music",10
"432","mvc",160
"433","mysql",66
"434","navigation",19
"435","nc",20
"436","net",14
"437","netezza",10
"438","network",165
"439","networking",24
"440","node",36
"441","notification",11
"442","object",31
"443","ú",25
"444","office",44
"445","ool",10
"446","openstack",10
"447","operating",31
"448","operation",11
"449","operations",36
"450","optimization",21
"451","oracle",163
"452","order",38
"453","orm",36
"454","ortoise",10
"455","os",12
"456","pa",33
"457","package",17
"458","packard",12
"459","page",88
"460","pages",20
"461","parsing",11
"462","partner",11
"463","party",50
"464","pattern",17
"465","payment",46
"466","payroll",11
"467","pc",13
"468","pdf",20
"469","peer",31
"470","performance",146
"471","perl",11
"472","persistence",105
"473","pharmacy",10
"474","phone",21
"475","php",48
"476","pi",10
"477","pig",26
"478","pipeline",15
"479","pl/sql",53
"480","plan",23
"481","planning",15
"482","platform",40
"483","play",12
"484","plug",12
"485","point",21
"486","pojo",16
"487","policy",25
"488","pool",12
"489","portfolio",14
"490","pos",10
"491","position",10
"492","post",10
"493","power",73
"494","presentation",78
"495","price",20
"496","pricing",27
"497","problem",26
"498","process",89
"499","processing",40
"500","product",195
"501","production",236
"502","products",15
"503","program",45
"504","programmer",33
"505","programming",133
"506","progress",11
"507","project",390
"508","projects",20
"509","property",14
"510","protocol",12
"511","prototype",11
"512","provider",10
"513","puppet",17
"514","pyhon",17
"515","python",690
"516","qa",134
"517","quality",200
"518","query",49
"519","r",20
"520","rack",10
"521","rading",14
"522","radio",14
"523","ransaction",15
"524","ransfer",24
"525","rate",20
"526","record",12
"527","reduce",15
"528","ree",11
"529","reference",15
"530","registration",22
"531","regression",79
"532","release",77
"533","report",47
"534","reporting",11
"535","repository",13
"536","request",25
"537","requirement",92
"538","requirements",49
"539","res",105
"540","research",185
"541","researcher",19
"542","resolution",16
"543","resource",28
"544","response",34
"545","responsibilities",89
"546","rest",10
"547","retail",36
"548","revenue",23
"549","review",61
"550","risk",108
"551","robot",16
"552","role",24
"553","root",28
"554","rpc",10
"555","ruby",10
"556","rule",22
"557","rules",13
"558","runtime",12
"559","safety",16
"560","sale",12
"561","sales",73
"562","salesforce",11
"563","sample",11
"564","santa",14
"565","sap",24
"566","sas",12
"567","satellite",16
"568","sax",11
"569","scale",37
"570","schedule",14
"571","scheduling",15
"572","schema",14
"573","school",15
"574","science",48
"575","scientist",13
"576","scikit",12
"577","screen",20
"578","script",12
"579","scripting",16
"580","scripts",12
"581","scrum",141
"582","sdlc",19
"583","search",61
"584","security",116
"585","selenium",68
"586","self",35
"587","sencha",16
"588","sensor",10
"589","seo",10
"590","sequence",54
"591","series",12
"592","server",324
"593","servers",14
"594","service",372
"595","services",117
"596","servlet",15
"597","session",65
"598","setup",29
"599","share",10
"600","sharepoint",11
"601","shell",121
"602","shipping",10
"603","shopping",16
"604","side",166
"605","signal",21
"606","simulation",25
"607","site",48
"608","skill",10
"609","skills",53
"610","smoke",14
"611","soa",73
"612","soap",219
"613","socket",11
"614","software",783
"615","solr",10
"616","solution",40
"617","solutions",32
"618","source",169
"619","spark",11
"620","specialist",10
"621","specification",30
"622","speech",10
"623","speed",14
"624","sphere",32
"625","spring",1086
"626","sprint",21
"627","sql",170
"628","stack",57
"629","staff",19
"630","stage",19
"631","standard",17
"632","state",97
"633","static",19
"634","status",43
"635","stock",16
"636","storage",31
"637","store",54
"638","strategy",11
"639","stress",13
"640","struts",118
"641","student",36
"642","studio",21
"643","style",26
"644","subject",17
"645","subversion",10
"646","suite",19
"647","sun",12
"648","supplier",11
"649","supply",18
"650","support",117
"651","survey",16
"652","svn",23
"653","system",427
"654","systems",91
"655","table",25
"656","tag",22
"657","target",12
"658","task",19
"659","team",158
"660","tech",10
"661","technology",33
"662","television",10
"663","template",13
"664","term",17
"665","test",763
"666","testing",221
"667","text",24
"668","tier",19
"669","time",98
"670","tool",48
"671","tools",14
"672","track",14
"673","tracking",13
"674","trade",22
"675","trading",42
"676","traffic",16
"677","training",35
"678","transaction",62
"679","travel",14
"680","troubleshooting",19
"681","ua",12
"682","ubuntu",15
"683","ui",41
"684","unit",314
"685","university",66
"686","unix",45
"687","up",12
"688","update",26
"689","upgrade",10
"690","usability",13
"691","usage",12
"692","use",49
"693","user",229
"694","users",14
"695","utility",37
"696","v",10
"697","va",36
"698","validation",51
"699","value",27
"700","vba",12
"701","vehicle",14
"702","vendor",22
"703","verification",37
"704","verizon",12
"705","version",213
"706","video",29
"707","view",105
"708","visa",10
"709","vision",12
"710","visualization",14
"711","vmware",26
"712","voice",19
"713","volume",16
"714","wa",19
"715","war",15
"716","warehouse",13
"717","water",15
"718","wealth",10
"719","web",2251
"720","weblogic",16
"721","website",46
"722","websites",10
"723","websphere",128
"724","wells",10
"725","wi",11
"726","windows",61
"727","wire",10
"728","wordpress",13
"729","work",70
"730","workflow",34
"731","world",14
"732","writing",143
"733","ws",14
"734","wsdl",10
"735","x",43
"736","xml",187
"737","xsl",14
"738","year",11
"739","york",25
"740","û",167
